{
    "RandomForest": {
        "accuracy": 0.972972972972973,
        "precision": 0.9354838709677419,
        "recall": 0.9508196721311475,
        "f1": 0.943089430894309,
        "roc_auc": 0.9932935916542474
    },
    "XGBoost": {
        "accuracy": 0.972972972972973,
        "precision": 0.9354838709677419,
        "recall": 0.9508196721311475,
        "f1": 0.943089430894309,
        "roc_auc": 0.9927968206656731
    },
    "SVM": {
        "accuracy": 0.9536679536679536,
        "precision": 0.9803921568627451,
        "recall": 0.819672131147541,
        "f1": 0.8928571428571429,
        "roc_auc": 0.9878291107799304
    }
}